Title,Lv,Url
두 개 뽑아서 더하기,1,https://programmers.co.kr/learn/courses/30/lessons/68644
크레인 인형뽑기 게임,1,https://programmers.co.kr/learn/courses/30/lessons/64061
모든 레코드 조회하기,1,https://programmers.co.kr/learn/courses/30/lessons/59034
최댓값 구하기,1,https://programmers.co.kr/learn/courses/30/lessons/59415
스킬트리,2,https://programmers.co.kr/learn/courses/30/lessons/49993
124 나라의 숫자,2,https://programmers.co.kr/learn/courses/30/lessons/12899
다리를 지나는 트럭,2,https://programmers.co.kr/learn/courses/30/lessons/42583
기능개발,2,https://programmers.co.kr/learn/courses/30/lessons/42586
멀쩡한 사각형,2,https://programmers.co.kr/learn/courses/30/lessons/62048
프린터,2,https://programmers.co.kr/learn/courses/30/lessons/42587
주식가격,2,https://programmers.co.kr/learn/courses/30/lessons/42584
[1차] 추석 트래픽,3,https://programmers.co.kr/learn/courses/30/lessons/17676
지형 이동,4,https://programmers.co.kr/learn/courses/30/lessons/62050
완주하지 못한 선수,1,https://programmers.co.kr/learn/courses/30/lessons/42576
문자열 압축,2,https://programmers.co.kr/learn/courses/30/lessons/60057
삼각 달팽이,2,https://programmers.co.kr/learn/courses/30/lessons/68645
카카오프렌즈 컬러링북,2,https://programmers.co.kr/learn/courses/30/lessons/1829
N으로 표현,3,https://programmers.co.kr/learn/courses/30/lessons/42895
2 x n 타일링,3,https://programmers.co.kr/learn/courses/30/lessons/12900
모의고사,1,https://programmers.co.kr/learn/courses/30/lessons/42840
K번째수,1,https://programmers.co.kr/learn/courses/30/lessons/42748
체육복,1,https://programmers.co.kr/learn/courses/30/lessons/42862
2016년,1,https://programmers.co.kr/learn/courses/30/lessons/12901
괄호 변환,2,https://programmers.co.kr/learn/courses/30/lessons/60058
소수 찾기,2,https://programmers.co.kr/learn/courses/30/lessons/42839
가장 큰 수,2,https://programmers.co.kr/learn/courses/30/lessons/42746
조이스틱,2,https://programmers.co.kr/learn/courses/30/lessons/42860
더 맵게,2,https://programmers.co.kr/learn/courses/30/lessons/42626
큰 수 만들기,2,https://programmers.co.kr/learn/courses/30/lessons/42883
풍선 터트리기,3,https://programmers.co.kr/learn/courses/30/lessons/68646
브라이언의 고민,3,https://programmers.co.kr/learn/courses/30/lessons/1830
H-Index,2,https://programmers.co.kr/learn/courses/30/lessons/42747
전화번호 목록,2,https://programmers.co.kr/learn/courses/30/lessons/42577
위장,2,https://programmers.co.kr/learn/courses/30/lessons/42578
구명보트,2,https://programmers.co.kr/learn/courses/30/lessons/42885
타겟 넘버,2,https://programmers.co.kr/learn/courses/30/lessons/43165
카펫,2,https://programmers.co.kr/learn/courses/30/lessons/42842
자물쇠와 열쇠,3,https://programmers.co.kr/learn/courses/30/lessons/60059
네트워크,3,https://programmers.co.kr/learn/courses/30/lessons/43162
3 x n 타일링,4,https://programmers.co.kr/learn/courses/30/lessons/12902
4단 고음,4,https://programmers.co.kr/learn/courses/30/lessons/1831
3 x n 타일링,4,https://programmers.co.kr/learn/courses/30/lessons/12902
정수 삼각형,3,https://programmers.co.kr/learn/courses/30/lessons/43105
가장 먼 노드,3,https://programmers.co.kr/learn/courses/30/lessons/49189
단어 변환,3,https://programmers.co.kr/learn/courses/30/lessons/43163
섬 연결하기,3,https://programmers.co.kr/learn/courses/30/lessons/42861
단속카메라,3,https://programmers.co.kr/learn/courses/30/lessons/42884
디스크 컨트롤러,3,https://programmers.co.kr/learn/courses/30/lessons/42627
여행경로,3,https://programmers.co.kr/learn/courses/30/lessons/43164
입국심사,3,https://programmers.co.kr/learn/courses/30/lessons/43238
이중우선순위큐,3,https://programmers.co.kr/learn/courses/30/lessons/42628
등굣길,3,https://programmers.co.kr/learn/courses/30/lessons/42898
순위,3,https://programmers.co.kr/learn/courses/30/lessons/49191
베스트앨범,3,https://programmers.co.kr/learn/courses/30/lessons/42579
가운데 글자 가져오기,1,https://programmers.co.kr/learn/courses/30/lessons/12903
3진법 뒤집기,1,https://programmers.co.kr/learn/courses/30/lessons/68935
보행자 천국,3,https://programmers.co.kr/learn/courses/30/lessons/1832
가사 검색,4,https://programmers.co.kr/learn/courses/30/lessons/60060
징검다리,4,https://programmers.co.kr/learn/courses/30/lessons/43236
도둑질,4,https://programmers.co.kr/learn/courses/30/lessons/42897
쿼드압축 후 개수 세기,2,https://programmers.co.kr/learn/courses/30/lessons/68936
기둥과 보 설치,3,https://programmers.co.kr/learn/courses/30/lessons/60061
가장 긴 팰린드롬,3,https://programmers.co.kr/learn/courses/30/lessons/12904
캠핑,4,https://programmers.co.kr/learn/courses/30/lessons/1833
방의 개수,5,https://programmers.co.kr/learn/courses/30/lessons/49190
가장 큰 정사각형 찾기,2,https://programmers.co.kr/learn/courses/30/lessons/12905
외벽 점검,3,https://programmers.co.kr/learn/courses/30/lessons/60062
트리 트리오 중간값,4,https://programmers.co.kr/learn/courses/30/lessons/68937
신비로운 유적 탐험,5,https://programmers.co.kr/learn/courses/30/lessons/1834
같은 숫자는 싫어,1,https://programmers.co.kr/learn/courses/30/lessons/12906
단체사진 찍기,2,https://programmers.co.kr/learn/courses/30/lessons/1835
블록 이동하기,3,https://programmers.co.kr/learn/courses/30/lessons/60063
문자열의 아름다움,5,https://programmers.co.kr/learn/courses/30/lessons/68938
리틀 프렌즈 사천성,3,https://programmers.co.kr/learn/courses/30/lessons/1836
거스름돈,3,https://programmers.co.kr/learn/courses/30/lessons/12907
GPS,3,https://programmers.co.kr/learn/courses/30/lessons/1837
역순 정렬하기,1,https://programmers.co.kr/learn/courses/30/lessons/59035
튜플,2,https://programmers.co.kr/learn/courses/30/lessons/64065
올바른 괄호,2,https://programmers.co.kr/learn/courses/30/lessons/12909
몸짱 트레이너 라이언의 고민,4,https://programmers.co.kr/learn/courses/30/lessons/1838
직사각형의 넓이,5,https://programmers.co.kr/learn/courses/30/lessons/12974
나누어 떨어지는 숫자 배열,1,https://programmers.co.kr/learn/courses/30/lessons/12910
튜브의 소개팅,5,https://programmers.co.kr/learn/courses/30/lessons/1839
다음 큰 숫자,2,https://programmers.co.kr/learn/courses/30/lessons/12911
스마트한 프로도,5,https://programmers.co.kr/learn/courses/30/lessons/1840
두 정수 사이의 합,1,https://programmers.co.kr/learn/courses/30/lessons/12912
IU와 콘의 보드게임,5,https://programmers.co.kr/learn/courses/30/lessons/1841
땅따먹기,2,https://programmers.co.kr/learn/courses/30/lessons/12913
네오의 귀걸이,5,https://programmers.co.kr/learn/courses/30/lessons/1842
멀리 뛰기,3,https://programmers.co.kr/learn/courses/30/lessons/12914
사칙연산,4,https://programmers.co.kr/learn/courses/30/lessons/1843
문자열 내 마음대로 정렬하기,1,https://programmers.co.kr/learn/courses/30/lessons/12915
게임 맵 최단거리,4,https://programmers.co.kr/learn/courses/30/lessons/1844
문자열 내 p와 y의 개수,1,https://programmers.co.kr/learn/courses/30/lessons/12916
폰켓몬,2,https://programmers.co.kr/learn/courses/30/lessons/1845
문자열 내림차순으로 배치하기,1,https://programmers.co.kr/learn/courses/30/lessons/12917
문자열 다루기 기본,1,https://programmers.co.kr/learn/courses/30/lessons/12918
서울에서 김서방 찾기,1,https://programmers.co.kr/learn/courses/30/lessons/12919
아픈 동물 찾기,1,https://programmers.co.kr/learn/courses/30/lessons/59036
방문 길이,3,https://programmers.co.kr/learn/courses/30/lessons/49994
불량 사용자,3,https://programmers.co.kr/learn/courses/30/lessons/64064
우유와 요거트가 담긴 장바구니,4,https://programmers.co.kr/learn/courses/30/lessons/62284
선입 선출 스케줄링,4,https://programmers.co.kr/learn/courses/30/lessons/12920
소수 찾기,1,https://programmers.co.kr/learn/courses/30/lessons/12921
수박수박수박수박수박수?,1,https://programmers.co.kr/learn/courses/30/lessons/12922
숫자 블록,4,https://programmers.co.kr/learn/courses/30/lessons/12923
숫자의 표현,2,https://programmers.co.kr/learn/courses/30/lessons/12924
문자열을 정수로 바꾸기,1,https://programmers.co.kr/learn/courses/30/lessons/12925
시저 암호,1,https://programmers.co.kr/learn/courses/30/lessons/12926
내적,1,https://programmers.co.kr/learn/courses/30/lessons/70128
이진 변환 반복하기,2,https://programmers.co.kr/learn/courses/30/lessons/70129
야근 지수,3,https://programmers.co.kr/learn/courses/30/lessons/12927
약수의 합,1,https://programmers.co.kr/learn/courses/30/lessons/12928
스타 수열,3,https://programmers.co.kr/learn/courses/30/lessons/70130
어린 동물 찾기,1,https://programmers.co.kr/learn/courses/30/lessons/59037
올바른 괄호의 갯수,4,https://programmers.co.kr/learn/courses/30/lessons/12929
가짜 해밀토니안,5,https://programmers.co.kr/learn/courses/30/lessons/70132
이상한 문자 만들기,1,https://programmers.co.kr/learn/courses/30/lessons/12930
자릿수 더하기,1,https://programmers.co.kr/learn/courses/30/lessons/12931
자연수 뒤집어 배열로 만들기,1,https://programmers.co.kr/learn/courses/30/lessons/12932
정수 내림차순으로 배치하기,1,https://programmers.co.kr/learn/courses/30/lessons/12933
정수 제곱근 판별,1,https://programmers.co.kr/learn/courses/30/lessons/12934
제일 작은 수 제거하기,1,https://programmers.co.kr/learn/courses/30/lessons/12935
줄 서는 방법,3,https://programmers.co.kr/learn/courses/30/lessons/12936
짝수와 홀수,1,https://programmers.co.kr/learn/courses/30/lessons/12937
최고의 집합,3,https://programmers.co.kr/learn/courses/30/lessons/12938
동물의 아이디와 이름,1,https://programmers.co.kr/learn/courses/30/lessons/59403
키패드 누르기,1,https://programmers.co.kr/learn/courses/30/lessons/67256
최댓값과 최솟값,2,https://programmers.co.kr/learn/courses/30/lessons/12939
최솟값 구하기,2,https://programmers.co.kr/learn/courses/30/lessons/59038
쿠키 구입,4,https://programmers.co.kr/learn/courses/30/lessons/49995
호텔 방 배정,4,https://programmers.co.kr/learn/courses/30/lessons/64063
최대공약수와 최소공배수,1,https://programmers.co.kr/learn/courses/30/lessons/12940
최솟값 만들기,2,https://programmers.co.kr/learn/courses/30/lessons/12941
최적의 행렬 곱셈,4,https://programmers.co.kr/learn/courses/30/lessons/12942
콜라츠 추측,1,https://programmers.co.kr/learn/courses/30/lessons/12943
평균 구하기,1,https://programmers.co.kr/learn/courses/30/lessons/12944
피보나치 수,2,https://programmers.co.kr/learn/courses/30/lessons/12945
하노이의 탑,3,https://programmers.co.kr/learn/courses/30/lessons/12946
하샤드 수,1,https://programmers.co.kr/learn/courses/30/lessons/12947
핸드폰 번호 가리기,1,https://programmers.co.kr/learn/courses/30/lessons/12948
이름이 없는 동물의 아이디,1,https://programmers.co.kr/learn/courses/30/lessons/59039
여러 기준으로 정렬하기,1,https://programmers.co.kr/learn/courses/30/lessons/59404
행렬의 곱셈,2,https://programmers.co.kr/learn/courses/30/lessons/12949
동물 수 구하기,2,https://programmers.co.kr/learn/courses/30/lessons/59406
수식 최대화,2,https://programmers.co.kr/learn/courses/30/lessons/67257
징검다리 건너기,3,https://programmers.co.kr/learn/courses/30/lessons/64062
행렬의 덧셈,1,https://programmers.co.kr/learn/courses/30/lessons/12950
JadenCase 문자열 만들기,2,https://programmers.co.kr/learn/courses/30/lessons/12951
N-Queen,3,https://programmers.co.kr/learn/courses/30/lessons/12952
N개의 최소공배수,2,https://programmers.co.kr/learn/courses/30/lessons/12953
x만큼 간격이 있는 n개의 숫자,1,https://programmers.co.kr/learn/courses/30/lessons/12954
짝지어 제거하기,2,https://programmers.co.kr/learn/courses/30/lessons/12973
상위 n개 레코드,1,https://programmers.co.kr/learn/courses/30/lessons/59405
이름이 있는 동물의 아이디,1,https://programmers.co.kr/learn/courses/30/lessons/59407
고양이와 개는 몇 마리 있을까,2,https://programmers.co.kr/learn/courses/30/lessons/59040
중복 제거하기,2,https://programmers.co.kr/learn/courses/30/lessons/59408
보석 쇼핑,3,https://programmers.co.kr/learn/courses/30/lessons/67258
배달,3,https://programmers.co.kr/learn/courses/30/lessons/12978
NULL 처리하기,2,https://programmers.co.kr/learn/courses/30/lessons/59410
동명 동물 수 찾기,2,https://programmers.co.kr/learn/courses/30/lessons/59041
경주로 건설,3,https://programmers.co.kr/learn/courses/30/lessons/67259
스티커 모으기(2),4,https://programmers.co.kr/learn/courses/30/lessons/12971
소수 만들기,2,https://programmers.co.kr/learn/courses/30/lessons/12977
직사각형 별찍기,1,https://programmers.co.kr/learn/courses/30/lessons/12969
기지국 설치,3,https://programmers.co.kr/learn/courses/30/lessons/12979
입양 시각 구하기(1),2,https://programmers.co.kr/learn/courses/30/lessons/59412
없어진 기록 찾기,3,https://programmers.co.kr/learn/courses/30/lessons/59042
동굴 탐험,4,https://programmers.co.kr/learn/courses/30/lessons/67260
단어 퍼즐,4,https://programmers.co.kr/learn/courses/30/lessons/12983
점프와 순간 이동,2,https://programmers.co.kr/learn/courses/30/lessons/12980
숫자 게임,3,https://programmers.co.kr/learn/courses/30/lessons/12987
있었는데요 없었습니다,3,https://programmers.co.kr/learn/courses/30/lessons/59043
입양 시각 구하기(2),4,https://programmers.co.kr/learn/courses/30/lessons/59413
지형 편집,4,https://programmers.co.kr/learn/courses/30/lessons/12984
영어 끝말잇기,2,https://programmers.co.kr/learn/courses/30/lessons/12981
오랜 기간 보호한 동물(1),3,https://programmers.co.kr/learn/courses/30/lessons/59044
예상 대진표,2,https://programmers.co.kr/learn/courses/30/lessons/12985
예산,1,https://programmers.co.kr/learn/courses/30/lessons/12982
보호소에서 중성화한 동물,4,https://programmers.co.kr/learn/courses/30/lessons/59045
루시와 엘라 찾기,2,https://programmers.co.kr/learn/courses/30/lessons/59046
이름에 el이 들어가는 동물 찾기,2,https://programmers.co.kr/learn/courses/30/lessons/59047
중성화 여부 파악하기,2,https://programmers.co.kr/learn/courses/30/lessons/59409
오랜 기간 보호한 동물(2),3,https://programmers.co.kr/learn/courses/30/lessons/59411
DATETIME에서 DATE로 형 변환,2,https://programmers.co.kr/learn/courses/30/lessons/59414
[1차] 뉴스 클러스터링,2,https://programmers.co.kr/learn/courses/30/lessons/17677
[1차] 셔틀버스,3,https://programmers.co.kr/learn/courses/30/lessons/17678
[1차] 프렌즈4블록,2,https://programmers.co.kr/learn/courses/30/lessons/17679
[1차] 캐시,2,https://programmers.co.kr/learn/courses/30/lessons/17680
[1차] 비밀지도,1,https://programmers.co.kr/learn/courses/30/lessons/17681
오픈채팅방 ,2,https://programmers.co.kr/learn/courses/30/lessons/42888
실패율,1,https://programmers.co.kr/learn/courses/30/lessons/42889
후보키,2,https://programmers.co.kr/learn/courses/30/lessons/42890
무지의 먹방 라이브,4,https://programmers.co.kr/learn/courses/30/lessons/42891
길 찾기 게임,3,https://programmers.co.kr/learn/courses/30/lessons/42892
매칭 점수,3,https://programmers.co.kr/learn/courses/30/lessons/42893
[1차] 다트 게임,1,https://programmers.co.kr/learn/courses/30/lessons/17682
블록 게임,4,https://programmers.co.kr/learn/courses/30/lessons/42894
[3차] 방금그곡,2,https://programmers.co.kr/learn/courses/30/lessons/17683
[3차] 압축,2,https://programmers.co.kr/learn/courses/30/lessons/17684
[3차] 자동완성,4,https://programmers.co.kr/learn/courses/30/lessons/17685
[3차] 파일명 정렬,2,https://programmers.co.kr/learn/courses/30/lessons/17686
[3차] n진수 게임,2,https://programmers.co.kr/learn/courses/30/lessons/17687
